{"mood": 6.0000000000000036, "energy": 9.999999999999993, "confidence": 7, "volume": 