{"mood": 6.600000000000001, "energy": 8.799999999999997, "confidence": 7}